city,region,variant,date,household_type,adult_equivalents,g1_food,g2_housing,g3_household_articles,g4_clothing,g5_transport,g6_health_personal,g7_personal_expenses,g8_education,g9_communication,omal_total,one_worker_required_income,two_worker_required_income_each,sample_n,effective_n,shrinkage_city_weight,statutory_minimum,multiple_of_minimum_one_worker,multiple_of_minimum_two_workers_each,dieese_family_benchmark,ratio_to_dieese_family,pnad_quarter,labour_income_real
Rio Branco,North,core,2026-06-01,1 adult,1.0,812.8684508732491,1252.9020735980591,0.0,149.2374002607906,303.03296749956536,394.33180320669067,0.0,68.18297835052022,80.16754573781384,3060.7232195266893,3060.7232195266893,1530.3616097633446,44.0,40.35309215650423,0.3352892014110452,1621.0,1.888169783791912,0.944084891895956,8110.92,0.37735832920638956,2026Q1,3336.0
Rio Branco,North,core,2026-06-01,1 adult + 1 child,1.3,1056.728986135224,1628.772695677477,0.0,194.0086203390278,393.94285774943495,512.6313441686979,0.0,88.63787185567628,104.21780945915799,3978.940185384696,3978.940185384696,1989.470092692348,44.0,40.35309215650423,0.3352892014110452,1621.0,2.4546207189294855,1.2273103594647428,8110.92,0.49056582796830644,2026Q1,3336.0
Rio Branco,North,core,2026-06-01,1 adult + 2 children,1.6,1300.5895213971985,2004.6433177568947,0.0,238.77984041726495,484.85274799930454,630.9308851307051,0.0,109.09276536083235,128.26807318050214,4897.157151242703,4897.157151242703,2448.5785756213513,44.0,40.35309215650423,0.3352892014110452,1621.0,3.021071654067059,1.5105358270335294,8110.92,0.6037733267302233,2026Q1,3336.0
Rio Branco,North,core,2026-06-01,2 adults,1.5,1219.3026763098737,1879.3531103970888,0.0,223.85610039118592,454.54945124934807,591.497704810036,0.0,102.27446752578032,120.25131860672076,4591.084829290034,4591.084829290034,2295.542414645017,44.0,40.35309215650423,0.3352892014110452,1621.0,2.8322546756878677,1.4161273378439339,8110.92,0.5660374938095843,2026Q1,3336.0
Rio Branco,North,core,2026-06-01,2 adults + 1 child,1.8,1463.1632115718485,2255.2237324765065,0.0,268.62732046942307,545.4593414992177,709.7972457720432,0.0,122.72936103093639,144.3015823280649,5509.301795148041,5509.301795148041,2754.6508975740203,44.0,40.35309215650423,0.3352892014110452,1621.0,3.3987056108254414,1.6993528054127207,8110.92,0.6792449925715012,2026Q1,3336.0
Rio Branco,North,core,2026-06-01,2 adults + 2 children,2.1,1707.0237468338232,2631.0943545559244,0.0,313.3985405476603,636.3692317490872,828.0967867340504,0.0,143.18425453609245,168.35184604940906,6427.5187610060475,6427.5187610060475,3213.7593805030237,44.0,40.35309215650423,0.3352892014110452,1621.0,3.965156545963015,1.9825782729815076,8110.92,0.7924524913334181,2026Q1,3336.0
Rio Branco,North,expanded,2026-06-01,1 adult,1.0,775.3013162328047,1195.4061722858912,92.39884439194626,142.54899915278716,457.21840942411563,377.4356444931945,0.11048808302089476,65.10767425287243,77.03423068842838,3182.561779005061,3182.561779005061,1591.2808895025305,44.0,40.27383344471661,0.3348511666357447,1621.0,1.963332374463332,0.981666187231666,8110.92,0.3923798754031677,2026Q1,3336.0
Rio Branco,North,expanded,2026-06-01,1 adult + 1 child,1.3,1007.8917111026461,1554.0280239716587,120.11849770953015,185.3136988986233,594.3839322513504,490.6663378411529,0.1436345079271632,84.63997652873415,100.14449989495691,4137.330312706579,4137.330312706579,2068.6651563532896,44.0,40.27383344471661,0.3348511666357447,1621.0,2.5523320868023314,1.2761660434011657,8110.92,0.510093838024118,2026Q1,3336.0
Rio Branco,North,expanded,2026-06-01,1 adult + 2 children,1.6,1240.4821059724875,1912.649875657426,147.838151027114,228.07839864445944,731.549455078585,603.8970311891112,0.1767809328334316,104.17227880459588,123.25476910148541,5092.098846408097,5092.098846408097,2546.0494232040487,44.0,40.27383344471661,0.3348511666357447,1621.0,3.141331799141331,1.5706658995706655,8110.92,0.6278078006450682,2026Q1,3336.0
Rio Branco,North,expanded,2026-06-01,2 adults,1.5,1162.9519743492071,1793.109258428837,138.5982665879194,213.82349872918076,685.8276141361736,566.1534667397918,0.16573212453134215,97.66151137930865,115.55134603264258,4773.842668507592,4773.842668507592,2386.921334253796,44.0,40.27383344471661,0.3348511666357447,1621.0,2.944998561694998,1.472499280847499,8110.92,0.5885698131047516,2026Q1,3336.0
Rio Branco,North,expanded,2026-06-01,2 adults + 1 child,1.8,1395.5423692190484,2151.7311101146042,166.31791990550326,256.5881984750169,822.9931369634081,679.38416008775,0.19887854943761057,117.19381365517036,138.66161523917108,5728.61120220911,5728.61120220911,2864.305601104555,44.0,40.27383344471661,0.3348511666357447,1621.0,3.5339982740339977,1.7669991370169988,8110.92,0.7062837757257019,2026Q1,3336.0
Rio Branco,North,expanded,2026-06-01,2 adults + 2 children,2.1,1628.1327640888899,2510.3529618003718,194.03757322308715,299.35289822085304,960.1586597906429,792.6148534357085,0.232024974343879,136.7261159310321,161.7718844456996,6683.379735910628,6683.379735910628,3341.689867955314,44.0,40.27383344471661,0.3348511666357447,1621.0,4.122997986372997,2.0614989931864987,8110.92,0.8239977383466522,2026Q1,3336.0
São Luís,Northeast,core,2026-06-01,1 adult,1.0,756.4457657411515,977.2226580460718,0.0,166.5545575817325,399.83416919571073,422.6138459805892,0.0,185.8211788474408,87.17462274277104,2995.6667981354676,2995.6667981354676,1497.8333990677338,26.0,23.578495699591105,0.22763890844655496,1621.0,1.848036272754761,0.9240181363773805,8110.92,0.3693374855300592,2026Q1,3109.0
São Luís,Northeast,core,2026-06-01,1 adult + 1 child,1.3,983.379495463497,1270.3894554598935,0.0,216.52092485625226,519.784419954424,549.3979997747659,0.0,241.56753250167304,113.32700956560237,3894.366837576108,3894.366837576108,1947.183418788054,26.0,23.578495699591105,0.22763890844655496,1621.0,2.4024471545811896,1.2012235772905948,8110.92,0.48013873118907696,2026Q1,3109.0
São Luís,Northeast,core,2026-06-01,1 adult + 2 children,1.6,1210.3132251858424,1563.556252873715,0.0,266.487292130772,639.7346707131372,676.1821535689427,0.0,297.31388615590527,139.47939638843366,4793.066877016749,4793.066877016749,2396.5334385083743,26.0,23.578495699591105,0.22763890844655496,1621.0,2.956858036407618,1.478429018203809,8110.92,0.5909399768480947,2026Q1,3109.0
São Luís,Northeast,core,2026-06-01,2 adults,1.5,1134.6686486117273,1465.833987069108,0.0,249.83183637259876,599.7512537935662,633.9207689708838,0.0,278.73176827116123,130.76193411415656,4493.500197203201,4493.500197203201,2246.7500986016007,26.0,23.578495699591105,0.22763890844655496,1621.0,2.7720544091321417,1.3860272045660709,8110.92,0.5540062282950887,2026Q1,3109.0
São Luís,Northeast,core,2026-06-01,2 adults + 1 child,1.8,1361.6023783340727,1759.0007844829292,0.0,299.7982036471185,719.7015045522793,760.7049227650605,0.0,334.4781219253934,156.91432093698788,5392.200236643842,5392.200236643842,2696.100118321921,26.0,23.578495699591105,0.22763890844655496,1621.0,3.32646529095857,1.663232645479285,8110.92,0.6648074739541066,2026Q1,3109.0
São Luís,Northeast,core,2026-06-01,2 adults + 2 children,2.1,1588.5361080564182,2052.167581896751,0.0,349.76457092163827,839.6517553109926,887.4890765592373,0.0,390.2244755796257,183.0667077598192,6290.900276084482,6290.900276084482,3145.450138042241,26.0,23.578495699591105,0.22763890844655496,1621.0,3.8808761727849985,1.9404380863924993,8110.92,0.7756087196131243,2026Q1,3109.0
São Luís,Northeast,expanded,2026-06-01,1 adult,1.0,751.1548598790781,971.1293383362438,151.6731852754696,165.4556720106236,437.124923731806,420.91529389378684,4.9883191254591175,185.05201804843466,86.79979713418767,3174.2934074350896,3174.2934074350896,1587.1467037175448,26.0,23.578495699591105,0.22763890844655496,1621.0,1.958231590027816,0.979115795013908,8110.92,0.3913604631083884,2026Q1,3109.0
São Luís,Northeast,expanded,2026-06-01,1 adult + 1 child,1.3,976.5013178428017,1262.4681398371172,197.1751408581105,215.0923736138107,568.2624008513479,547.189882061923,6.484814863096853,240.56762346296506,112.839736274444,4126.581429665616,4126.581429665616,2063.290714832808,26.0,23.578495699591105,0.22763890844655496,1621.0,2.5457010670361604,1.2728505335180802,8110.92,0.5087686020409049,2026Q1,3109.0
São Luís,Northeast,expanded,2026-06-01,1 adult + 2 children,1.6,1201.847775806525,1553.80694133799,242.67709644075134,264.7290752169978,699.3998779708896,673.464470230059,7.981310600734588,296.08322887749546,138.87967541470027,5078.869451896143,5078.869451896143,2539.4347259480714,26.0,23.578495699591105,0.22763890844655496,1621.0,3.1331705440445052,1.5665852720222526,8110.92,0.6261767409734214,2026Q1,3109.0
São Luís,Northeast,expanded,2026-06-01,2 adults,1.5,1126.7322898186173,1456.6940075043658,227.5097779132044,248.18350801593544,655.6873855977091,631.3729408406803,7.482478688188676,277.578027072652,130.1996957012815,4761.440111152635,4761.440111152635,2380.7200555763175,26.0,23.578495699591105,0.22763890844655496,1621.0,2.937347385041724,1.468673692520862,8110.92,0.5870406946625827,2026Q1,3109.0
São Luís,Northeast,expanded,2026-06-01,2 adults + 1 child,1.8,1352.0787477823408,1748.032809005239,273.01173349584525,297.8202096191225,786.8248627172509,757.6475290088163,8.978974425826411,333.0936324871824,156.23963484153782,5713.728133383161,5713.728133383161,2856.8640666915803,26.0,23.578495699591105,0.22763890844655496,1621.0,3.524816862050068,1.762408431025034,8110.92,0.704448833595099,2026Q1,3109.0
São Luís,Northeast,expanded,2026-06-01,2 adults + 2 children,2.1,1577.4252057460642,2039.3716105061121,318.51368907848615,347.4569112223096,917.9623398367927,883.9221171769524,10.475470163464147,388.6092379017128,182.27957398179413,6666.016155613688,6666.016155613688,3333.008077806844,26.0,23.578495699591105,0.22763890844655496,1621.0,4.1122863390584135,2.0561431695292067,8110.92,0.8218569725276156,2026Q1,3109.0
Aracaju,Northeast,core,2026-06-01,1 adult,1.0,813.9824536252422,898.5578053788689,0.0,149.2428431751038,388.5983691006367,528.1463076888884,0.0,236.24918210985007,91.82527568667405,3106.6022367652645,3106.6022367652645,1553.3011183826322,60.0,49.98700892776219,0.3845538822694314,1621.0,1.9164726938712304,0.9582363469356152,8110.92,0.38301477967545783,2026Q1,4747.0
Aracaju,Northeast,core,2026-06-01,1 adult + 1 child,1.3,1058.1771897128149,1168.1251469925298,0.0,194.01569612763495,505.17787983082775,686.590199995555,0.0,307.1239367428051,119.37285839267626,4038.5829077948442,4038.5829077948442,2019.2914538974221,60.0,49.98700892776219,0.3845538822694314,1621.0,2.4914145020325997,1.2457072510162999,8110.92,0.4979192135780952,2026Q1,4747.0
Aracaju,Northeast,core,2026-06-01,1 adult + 2 children,1.6,1302.3719258003875,1437.6924886061904,0.0,238.78854908016606,621.7573905610187,845.0340923022216,0.0,377.9986913757601,146.92044109867848,4970.563578824423,4970.563578824423,2485.2817894122113,60.0,49.98700892776219,0.3845538822694314,1621.0,3.066356310193968,1.533178155096984,8110.92,0.6128236474807325,2026Q1,4747.0
Aracaju,Northeast,core,2026-06-01,2 adults,1.5,1220.9736804378633,1347.8367080683036,0.0,223.8642647626557,582.897553650955,792.2194615333327,0.0,354.3737731647751,137.73791353001107,4659.903355147897,4659.903355147897,2329.9516775739485,60.0,49.98700892776219,0.3845538822694314,1621.0,2.8747090408068456,1.4373545204034228,8110.92,0.5745221695131868,2026Q1,4747.0
Aracaju,Northeast,core,2026-06-01,2 adults + 1 child,1.8,1465.168416525436,1617.4040496819641,0.0,268.63711771518683,699.4770643811461,950.6633538399992,0.0,425.2485277977301,165.28549623601327,5591.884026177476,5591.884026177476,2795.942013088738,60.0,49.98700892776219,0.3845538822694314,1621.0,3.4496508489682145,1.7248254244841073,8110.92,0.6894266034158241,2026Q1,4747.0
Aracaju,Northeast,core,2026-06-01,2 adults + 2 children,2.1,1709.3631526130087,1886.971391295625,0.0,313.40997066771797,816.0565751113371,1109.1072461466658,0.0,496.12328243068515,192.8330789420155,6523.8646972070555,6523.8646972070555,3261.9323486035278,60.0,49.98700892776219,0.3845538822694314,1621.0,4.024592657129584,2.012296328564792,8110.92,0.8043310373184615,2026Q1,4747.0
Aracaju,Northeast,expanded,2026-06-01,1 adult,1.0,809.2895868310486,894.154981053539,128.29229070354506,148.50528349051226,431.4215835514047,526.0540994621219,4.474289745218296,235.3265791373563,91.525201211242,3269.043895185988,3269.043895185988,1634.521947592994,60.0,49.98700892776219,0.3845538822694314,1621.0,2.0166834640259026,1.0083417320129513,8110.92,0.40304230533478175,2026Q1,4747.0
Aracaju,Northeast,expanded,2026-06-01,1 adult + 1 child,1.3,1052.0764628803634,1162.4014753696008,166.7799779146086,193.05686853766593,560.8480586168262,683.8703293007585,5.816576668783785,305.9245528785632,118.98276157461461,4249.757063741785,4249.757063741785,2124.8785318708924,60.0,49.98700892776219,0.3845538822694314,1621.0,2.6216885032336736,1.3108442516168368,8110.92,0.5239549969352163,2026Q1,4747.0
Aracaju,Northeast,expanded,2026-06-01,1 adult + 2 children,1.6,1294.8633389296779,1430.6479696856622,205.2676651256721,237.60845358481959,690.2745336822475,841.6865591393951,7.158863592349274,376.5225266197701,146.44032193798722,5230.470232297581,5230.470232297581,2615.2351161487904,60.0,49.98700892776219,0.3845538822694314,1621.0,3.2266935424414442,1.6133467712207221,8110.92,0.6448676885356508,2026Q1,4747.0
Aracaju,Northeast,expanded,2026-06-01,2 adults,1.5,1213.934380246573,1341.2324715803086,192.43843605531762,222.75792523576837,647.1323753271071,789.0811491931829,6.711434617827445,352.9898687060345,137.287801816863,4903.565842778982,4903.565842778982,2451.782921389491,60.0,49.98700892776219,0.3845538822694314,1621.0,3.025025196038854,1.512512598019427,8110.92,0.6045634580021726,2026Q1,4747.0
Aracaju,Northeast,expanded,2026-06-01,2 adults + 1 child,1.8,1456.7212562958875,1609.47896589637,230.92612326638113,267.309510282922,776.5588503925285,946.8973790318194,8.053721541392934,423.5878424472413,164.74536218023562,5884.279011334778,5884.279011334778,2942.139505667389,60.0,49.98700892776219,0.3845538822694314,1621.0,3.6300302352466245,1.8150151176233122,8110.92,0.7254761496026071,2026Q1,4747.0
Aracaju,Northeast,expanded,2026-06-01,2 adults + 2 children,2.1,1699.5081323452023,1877.725460212432,269.41381047744466,311.8610953300757,905.9853254579499,1104.713608870456,9.396008464958422,494.18581618844826,192.20292254360822,6864.992179890575,6864.992179890575,3432.4960899452876,60.0,49.98700892776219,0.3845538822694314,1621.0,4.235035274454396,2.117517637227198,8110.92,0.8463888412030417,2026Q1,4747.0
Campo Grande,Center-West,core,2026-06-01,1 adult,1.0,819.1402516459632,1084.2978155265437,0.0,173.94460490429807,413.84475196995413,385.2185794549522,0.0,150.62803714112118,82.0588978413716,3109.132938484204,3109.132938484204,1554.566469242102,87.0,81.39027877328691,0.5043071949062059,1621.0,1.9180338917237532,0.9590169458618766,8110.92,0.3833267913484788,2026Q1,4304.0
Campo Grande,Center-West,core,2026-06-01,1 adult + 1 child,1.3,1064.882327139752,1409.5871601845067,0.0,226.1279863755875,537.9981775609405,500.7841532914379,0.0,195.81644828345756,106.6765671937831,4041.8728200294654,4041.8728200294654,2020.9364100147327,87.0,81.39027877328691,0.5043071949062059,1621.0,2.4934440592408795,1.2467220296204398,8110.92,0.49832482875302253,2026Q1,4304.0
Campo Grande,Center-West,core,2026-06-01,1 adult + 2 children,1.6,1310.624402633541,1734.8765048424698,0.0,278.3113678468769,662.1516031519267,616.3497271279235,0.0,241.00485942579388,131.29423654619458,4974.612701574726,4974.612701574726,2487.306350787363,87.0,81.39027877328691,0.5043071949062059,1621.0,3.068854226758005,1.5344271133790024,8110.92,0.6133228661575661,2026Q1,4304.0
Campo Grande,Center-West,core,2026-06-01,2 adults,1.5,1228.710377468945,1626.4467232898155,0.0,260.91690735644715,620.7671279549313,577.8278691824283,0.0,225.9420557116818,123.08834676205743,4663.699407726306,4663.699407726306,2331.849703863153,87.0,81.39027877328691,0.5043071949062059,1621.0,2.87705083758563,1.438525418792815,8110.92,0.5749901870227183,2026Q1,4304.0
Campo Grande,Center-West,core,2026-06-01,2 adults + 1 child,1.8,1474.4524529627336,1951.7360679477783,0.0,313.1002888277365,744.9205535459174,693.393443018914,0.0,271.13046685401815,147.7060161144689,5596.439289271567,5596.439289271567,2798.2196446357834,87.0,81.39027877328691,0.5043071949062059,1621.0,3.4524610051027556,1.7262305025513778,8110.92,0.6899882244272618,2026Q1,4304.0
Campo Grande,Center-West,core,2026-06-01,2 adults + 2 children,2.1,1720.1945284565227,2277.0254126057416,0.0,365.28367029902597,869.0739791369037,808.9590168553997,0.0,316.3188779963545,172.3236854668804,6529.179170816828,6529.179170816828,3264.589585408414,87.0,81.39027877328691,0.5043071949062059,1621.0,4.027871172619882,2.013935586309941,8110.92,0.8049862618318055,2026Q1,4304.0
Campo Grande,Center-West,expanded,2026-06-01,1 adult,1.0,837.1244026461433,1108.1034771387176,136.9154499262082,177.76354315569003,492.45878608654004,393.6760189313692,8.5477546495034,153.93506223159065,83.86049360805775,3392.3849883738203,3392.3849883738203,1696.1924941869102,87.0,81.39027877328691,0.5043071949062059,1621.0,2.0927729724699695,1.0463864862349848,8110.92,0.4182490997783014,2026Q1,4304.0
Campo Grande,Center-West,expanded,2026-06-01,1 adult + 1 child,1.3,1088.2617234399863,1440.534520280333,177.99008490407067,231.09260610239704,640.196421912502,511.77882461078,11.11208104435442,200.11558090106786,109.01864169047509,4410.100484885967,4410.100484885967,2205.0502424429833,87.0,81.39027877328691,0.5043071949062059,1621.0,2.7206048642109604,1.3603024321054802,8110.92,0.5437238297117918,2026Q1,4304.0
Campo Grande,Center-West,expanded,2026-06-01,1 adult + 2 children,1.6,1339.399044233829,1772.9655634219482,219.06471988193312,284.421669049104,787.934057738464,629.8816302901907,13.67640743920544,246.29609957054504,134.17678977289242,5427.815981398113,5427.815981398113,2713.9079906990564,87.0,81.39027877328691,0.5043071949062059,1621.0,3.3484367559519512,1.6742183779759756,8110.92,0.6691985596452823,2026Q1,4304.0
Campo Grande,Center-West,expanded,2026-06-01,2 adults,1.5,1255.686603969215,1662.1552157080766,205.3731748893123,266.64531473353503,738.6881791298101,590.5140283970538,12.8216319742551,230.902593347386,125.79074041208665,5088.5774825607305,5088.5774825607305,2544.2887412803652,87.0,81.39027877328691,0.5043071949062059,1621.0,3.139159458704954,1.569579729352477,8110.92,0.6273736496674521,2026Q1,4304.0
Campo Grande,Center-West,expanded,2026-06-01,2 adults + 1 child,1.8,1506.8239247630577,1994.5862588496918,246.44780986717475,319.974377680242,886.425814955772,708.6168340764646,15.385958369106119,277.08311201686314,150.94888849450396,6106.292979072877,6106.292979072877,3053.1464895364384,87.0,81.39027877328691,0.5043071949062059,1621.0,3.766991350445945,1.8834956752229726,8110.92,0.7528483796009425,2026Q1,4304.0
Campo Grande,Center-West,expanded,2026-06-01,2 adults + 2 children,2.1,1757.9612455569008,2327.0173019913072,287.5224448450372,373.30344062694905,1034.1634507817341,826.7196397558754,17.95028476395714,323.2636306863404,176.1070365769213,7124.008475585023,7124.008475585023,3562.0042377925115,87.0,81.39027877328691,0.5043071949062059,1621.0,4.394823242186936,2.197411621093468,8110.92,0.8783231095344329,2026Q1,4304.0
Goiânia,Center-West,core,2026-06-01,1 adult,1.0,763.1216893977603,1066.1326760005616,0.0,156.22991342245788,415.9909028639193,415.6774841284551,0.0,130.78669777298308,82.87547364581393,3030.814837231951,3030.814837231951,1515.4074186159755,41.0,30.813043401479096,0.27806332590146887,1621.0,1.8697192086563548,0.9348596043281774,8110.92,0.3736709075212123,2026Q1,5825.0
Goiânia,Center-West,core,2026-06-01,1 adult + 1 child,1.3,992.0581962170884,1385.97247880073,0.0,203.09888744919527,540.7881737230952,540.3807293669917,0.0,170.022707104878,107.73811573955811,3940.059288401537,3940.059288401537,1970.0296442007684,41.0,30.813043401479096,0.27806332590146887,1621.0,2.4306349712532613,1.2153174856266307,8110.92,0.48577217977757603,2026Q1,5825.0
Goiânia,Center-West,core,2026-06-01,1 adult + 2 children,1.6,1220.9947030364165,1705.8122816008984,0.0,249.96786147593264,665.5854445822708,665.0839746055282,0.0,209.25871643677291,132.60075783330228,4849.303739571122,4849.303739571122,2424.651869785561,41.0,30.813043401479096,0.27806332590146887,1621.0,2.9915507338501675,1.4957753669250837,8110.92,0.5978734520339396,2026Q1,5825.0
Goiânia,Center-West,core,2026-06-01,2 adults,1.5,1144.6825340966404,1599.1990140008425,0.0,234.34487013368687,623.986354295879,623.5162261926828,0.0,196.18004665947464,124.3132104687209,4546.222255847927,4546.222255847927,2273.1111279239635,41.0,30.813043401479096,0.27806332590146887,1621.0,2.8045788129845324,1.4022894064922662,8110.92,0.5605063612818184,2026Q1,5825.0
Goiânia,Center-West,core,2026-06-01,2 adults + 1 child,1.8,1373.6190409159685,1919.0388168010106,0.0,281.21384416042423,748.7836251550548,748.2194714312192,0.0,235.41605599136955,149.17585256246505,5455.466707017512,5455.466707017512,2727.733353508756,41.0,30.813043401479096,0.27806332590146887,1621.0,3.3654945755814385,1.6827472877907192,8110.92,0.6726076335381821,2026Q1,5825.0
Goiânia,Center-West,core,2026-06-01,2 adults + 2 children,2.1,1602.5555477352966,2238.8786196011793,0.0,328.0828181871616,873.5808960142306,872.9227166697558,0.0,274.6520653232645,174.03849465620925,6364.711158187098,6364.711158187098,3182.355579093549,41.0,30.813043401479096,0.27806332590146887,1621.0,3.926410338178345,1.9632051690891725,8110.92,0.7847089057945458,2026Q1,5825.0
Goiânia,Center-West,expanded,2026-06-01,1 adult,1.0,773.7603395864447,1080.9955907260583,114.68712326853779,158.4079086504819,490.99757019198313,421.4724279839299,6.63113002213643,132.60999010796837,84.03083744373605,3263.5929179812765,3263.5929179812765,1631.7964589906383,41.0,30.813043401479096,0.27806332590146887,1621.0,2.0133207390384187,1.0066603695192093,8110.92,0.40237025121456954,2026Q1,5825.0
Goiânia,Center-West,expanded,2026-06-01,1 adult + 1 child,1.3,1005.8884414623782,1405.2942679438759,149.09326024909913,205.93028124562647,638.2968412495782,547.9141563791089,8.620469028777359,172.3929871403589,109.24008867685687,4242.67079337566,4242.67079337566,2121.33539668783,41.0,30.813043401479096,0.27806332590146887,1621.0,2.6173169607499442,1.3086584803749721,8110.92,0.5230813265789405,2026Q1,5825.0
Goiânia,Center-West,expanded,2026-06-01,1 adult + 2 children,1.6,1238.0165433383115,1729.5929451616933,183.49939722966047,253.45265384077103,785.596112307173,674.3558847742878,10.609808035418288,212.1759841727494,134.44933990997768,5221.748668770042,5221.748668770042,2610.874334385021,41.0,30.813043401479096,0.27806332590146887,1621.0,3.2213131824614694,1.6106565912307347,8110.92,0.6437924019433112,2026Q1,5825.0
Goiânia,Center-West,expanded,2026-06-01,2 adults,1.5,1160.640509379667,1621.4933860890876,172.03068490280668,237.61186297572286,736.4963552879748,632.2086419758948,9.946695033204646,198.9149851619526,126.04625616560408,4895.389376971915,4895.389376971915,2447.6946884859576,41.0,30.813043401479096,0.27806332590146887,1621.0,3.0199811085576282,1.5099905542788141,8110.92,0.6035553768218543,2026Q1,5825.0
Goiânia,Center-West,expanded,2026-06-01,2 adults + 1 child,1.8,1392.7686112556005,1945.792063306905,206.43682188336803,285.1342355708674,883.7956263455696,758.6503703710738,11.936034039845573,238.69798219434307,151.2555073987249,5874.4672523662975,5874.4672523662975,2937.2336261831488,41.0,30.813043401479096,0.27806332590146887,1621.0,3.6239773302691534,1.8119886651345767,8110.92,0.7242664521862252,2026Q1,5825.0
Goiânia,Center-West,expanded,2026-06-01,2 adults + 2 children,2.1,1624.896713131534,2270.0907405247226,240.84295886392937,332.656608166012,1031.0948974031646,885.0920987662528,13.925373046486504,278.4809792267336,176.4647586318457,6853.545127760681,6853.545127760681,3426.7725638803404,41.0,30.813043401479096,0.27806332590146887,1621.0,4.227973551980679,2.1139867759903397,8110.92,0.8449775275505961,2026Q1,5825.0
Brasília,Center-West,core,2026-06-01,1 adult,1.0,628.1310140867515,1078.4051099791857,0.0,130.58449251771208,397.811691500398,423.61270536591434,0.0,159.28607508734416,102.47216704618819,2920.3032555834943,2920.3032555834943,1460.1516277917472,155.0,141.2293615564467,0.6383843471898825,1621.0,1.8015442662452155,0.9007721331226077,8110.92,0.3600458709472531,2026Q1,6720.0
Brasília,Center-West,core,2026-06-01,1 adult + 1 child,1.3,816.5703183127771,1401.9266429729414,0.0,169.7598402730257,517.1551989505175,550.6965169756887,0.0,207.07189761354743,133.21381716004467,3796.3942322585426,3796.3942322585426,1898.1971161292713,155.0,141.2293615564467,0.6383843471898825,1621.0,2.34200754611878,1.17100377305939,8110.92,0.46805963223142905,2026Q1,6720.0
Brasília,Center-West,core,2026-06-01,1 adult + 2 children,1.6,1005.0096225388024,1725.448175966697,0.0,208.93518802833933,636.4987064006368,677.7803285854629,0.0,254.85772013975065,163.95546727390112,4672.485208933591,4672.485208933591,2336.2426044667955,155.0,141.2293615564467,0.6383843471898825,1621.0,2.882470825992345,1.4412354129961724,8110.92,0.576073393515605,2026Q1,6720.0
Brasília,Center-West,core,2026-06-01,2 adults,1.5,942.1965211301274,1617.6076649687784,0.0,195.87673877656812,596.717537250597,635.4190580488715,0.0,238.92911263101627,153.7082505692823,4380.4548833752415,4380.4548833752415,2190.2274416876207,155.0,141.2293615564467,0.6383843471898825,1621.0,2.7023163993678234,1.3511581996839117,8110.92,0.5400688064208797,2026Q1,6720.0
Brasília,Center-West,core,2026-06-01,2 adults + 1 child,1.8,1130.6358253561527,1941.1291979625341,0.0,235.05208653188174,716.0610447007165,762.5028696586459,0.0,286.7149351572195,184.44990068313874,5256.54586005029,5256.54586005029,2628.272930025145,155.0,141.2293615564467,0.6383843471898825,1621.0,3.242779679241388,1.621389839620694,8110.92,0.6480825677050556,2026Q1,6720.0
Brasília,Center-West,core,2026-06-01,2 adults + 2 children,2.1,1319.0751295821783,2264.65073095629,0.0,274.22743428719536,835.4045521508359,889.5866812684202,0.0,334.50075768342276,215.19155079699522,6132.636836725338,6132.636836725338,3066.318418362669,155.0,141.2293615564467,0.6383843471898825,1621.0,3.7832429591149523,1.8916214795574762,8110.92,0.7560963289892315,2026Q1,6720.0
Brasília,Center-West,expanded,2026-06-01,1 adult,1.0,630.0268109441552,1098.6868503363185,108.4518520148808,129.65749449076117,472.81139332081074,438.8328301818455,8.77384800527436,158.7885019389193,101.7712103983993,3147.8007916313645,3147.8007916313645,1573.9003958156823,155.0,140.4454508078144,0.6370984308959751,1621.0,1.9418882119872698,0.9709441059936349,8110.92,0.3880941732419213,2026Q1,6720.0
Brasília,Center-West,expanded,2026-06-01,1 adult + 1 child,1.3,819.0348542274018,1428.2929054372141,140.98740761934505,168.55474283798955,614.654811317054,570.4826792363992,11.406002406856668,206.4250525205951,132.30257351791911,4092.1410291207744,4092.1410291207744,2046.0705145603872,155.0,140.4454508078144,0.6370984308959751,1621.0,2.5244546755834514,1.2622273377917257,8110.92,0.5045224252144977,2026Q1,6720.0
Brasília,Center-West,expanded,2026-06-01,1 adult + 2 children,1.6,1008.0428975106482,1757.8989605381096,173.52296322380928,207.45199118521788,756.4982293132972,702.1325282909528,14.038156808438975,254.06160310227085,162.83393663743888,5036.481266610183,5036.481266610183,2518.2406333050917,155.0,140.4454508078144,0.6370984308959751,1621.0,3.107021139179632,1.553510569589816,8110.92,0.6209506771870741,2026Q1,6720.0
Brasília,Center-West,expanded,2026-06-01,2 adults,1.5,945.0402164162327,1648.030275504478,162.67777802232123,194.48624173614178,709.2170899812162,658.2492452727682,13.160772007911541,238.18275290837894,152.65681559759895,4721.701187447047,4721.701187447047,2360.8505937235236,155.0,140.4454508078144,0.6370984308959751,1621.0,2.912832317980905,1.4564161589904525,8110.92,0.582141259862882,2026Q1,6720.0
Brasília,Center-West,expanded,2026-06-01,2 adults + 1 child,1.8,1134.048259699479,1977.6363306053734,195.21333362678544,233.38349008337013,851.0605079774593,789.8990943273219,15.792926409493848,285.8193034900547,183.18817871711875,5666.041424936457,5666.041424936457,2833.0207124682283,155.0,140.4454508078144,0.6370984308959751,1621.0,3.4953987815770864,1.7476993907885432,8110.92,0.6985695118354585,2026Q1,6720.0
Brasília,Center-West,expanded,2026-06-01,2 adults + 2 children,2.1,1323.0563029827258,2307.242385706269,227.7488892312497,272.2807384305985,992.9039259737026,921.5489433818756,18.425080811076157,333.4558540717305,213.71954183663854,6610.381662425866,6610.381662425866,3305.190831212933,155.0,140.4454508078144,0.6370984308959751,1621.0,4.077965245173267,2.0389826225866337,8110.92,0.8149977638080349,2026Q1,6720.0
Belém,North,core,2026-06-01,1 adult,1.0,843.1637190864946,1390.3994681514114,0.0,138.96392116913603,224.2608761454154,436.125000474782,0.0,96.00133082802967,76.84368671865576,3205.758002573925,3205.758002573925,1602.8790012869624,14.0,12.839660323329817,0.13829930310616745,1621.0,1.977642197763063,0.9888210988815315,8110.92,0.39523975117174437,2026Q1,3584.0
Belém,North,core,2026-06-01,1 adult + 1 child,1.3,1096.112834812443,1807.519308596835,0.0,180.65309751987684,291.53913898904005,566.9625006172166,0.0,124.80173007643857,99.8967927342525,4167.485403346102,4167.485403346102,2083.742701673051,14.0,12.839660323329817,0.13829930310616745,1621.0,2.5709348570919817,1.2854674285459908,8110.92,0.5138116765232676,2026Q1,3584.0
Belém,North,core,2026-06-01,1 adult + 2 children,1.6,1349.0619505383913,2224.6391490422584,0.0,222.34227387061765,358.81740183266464,697.8000007596511,0.0,153.60212932484748,122.94989874984923,5129.21280411828,5129.21280411828,2564.60640205914,14.0,12.839660323329817,0.13829930310616745,1621.0,3.1642275164209006,1.5821137582104503,8110.92,0.6323836018747909,2026Q1,3584.0
Belém,North,core,2026-06-01,2 adults,1.5,1264.745578629742,2085.599202227117,0.0,208.44588175370404,336.39131421812317,654.187500712173,0.0,144.00199624204453,115.26553007798366,4808.6370038608875,4808.6370038608875,2404.3185019304437,14.0,12.839660323329817,0.13829930310616745,1621.0,2.9664632966445943,1.4832316483222971,8110.92,0.5928596267576166,2026Q1,3584.0
Belém,North,core,2026-06-01,2 adults + 1 child,1.8,1517.6946943556902,2502.7190426725406,0.0,250.13505810444485,403.66957706174776,785.0250008546075,0.0,172.8023954904534,138.31863609358038,5770.364404633065,5770.364404633065,2885.1822023165323,14.0,12.839660323329817,0.13829930310616745,1621.0,3.5597559559735132,1.7798779779867566,8110.92,0.7114315521091399,2026Q1,3584.0
Belém,North,core,2026-06-01,2 adults + 2 children,2.1,1770.6438100816388,2919.838883117964,0.0,291.82423445518566,470.9478399053724,915.8625009970422,0.0,201.60279473886231,161.37174210917712,6732.091805405243,6732.091805405243,3366.0459027026213,14.0,12.839660323329817,0.13829930310616745,1621.0,4.153048615302432,2.076524307651216,8110.92,0.8300034774606633,2026Q1,3584.0
Belém,North,expanded,2026-06-01,1 adult,1.0,807.4819891576583,1331.7499134856525,79.10059810408606,133.1479338606566,436.92177754342146,418.1796736904252,0.14390897087170515,91.98613477777992,73.8087352199853,3372.520664810537,3372.520664810537,1686.2603324052684,14.0,12.839660323329817,0.13829930310616745,1621.0,2.080518608766525,1.0402593043832624,8110.92,0.4158000158811253,2026Q1,3584.0
Belém,North,expanded,2026-06-01,1 adult + 1 child,1.3,1049.7265859049558,1731.2748875313484,102.8307775353119,173.09231401885359,567.998310806448,543.6335757975528,0.1870816621332167,119.58197521111391,95.9513557859809,4384.2768642536985,4384.2768642536985,2192.1384321268492,14.0,12.839660323329817,0.13829930310616745,1621.0,2.704674191396483,1.3523370956982415,8110.92,0.5405400206454629,2026Q1,3584.0
Belém,North,expanded,2026-06-01,1 adult + 2 children,1.6,1291.9711826522532,2130.7998615770443,126.5609569665377,213.03669417705055,699.0748440694744,669.0874779046803,0.23025435339472822,147.17781564444786,118.09397635197648,5396.033063696859,5396.033063696859,2698.0165318484296,14.0,12.839660323329817,0.13829930310616745,1621.0,3.32882977402644,1.66441488701322,8110.92,0.6652800254098005,2026Q1,3584.0
Belém,North,expanded,2026-06-01,2 adults,1.5,1211.2229837364875,1997.624870228479,118.6508971561291,199.7219007909849,655.3826663151323,627.2695105356379,0.2158634563075577,137.9792021666699,110.71310282997796,5058.780997215806,5058.780997215806,2529.390498607903,14.0,12.839660323329817,0.13829930310616745,1621.0,3.1207779131497877,1.5603889565748938,8110.92,0.623700023821688,2026Q1,3584.0
Belém,North,expanded,2026-06-01,2 adults + 1 child,1.8,1453.467580483785,2397.1498442741745,142.38107658735493,239.66628094918187,786.4591995781586,752.7234126427653,0.25903614756906923,165.57504260000385,132.85572339597354,6070.537196658966,6070.537196658966,3035.268598329483,14.0,12.839660323329817,0.13829930310616745,1621.0,3.744933495779745,1.8724667478898724,8110.92,0.7484400285860255,2026Q1,3584.0
Belém,North,expanded,2026-06-01,2 adults + 2 children,2.1,1695.7121772310825,2796.6748183198706,166.11125601858075,279.61066110737886,917.5357328411851,878.177314749893,0.3022088388305808,193.17088303333784,154.99834396196914,7082.293396102128,7082.293396102128,3541.146698051064,14.0,12.839660323329817,0.13829930310616745,1621.0,4.3690890784097025,2.1845445392048513,8110.92,0.8731800333503632,2026Q1,3584.0
Fortaleza,Northeast,core,2026-06-01,1 adult,1.0,738.25334392149,1019.7505199373294,0.0,149.76537838670103,386.0789776451963,393.1791777331553,0.0,229.6153133893273,87.20071105251509,3003.843422065714,3003.843422065714,1501.921711032857,92.0,74.13174849198607,0.48096352125558667,1621.0,1.8530804577826736,0.9265402288913368,8110.92,0.37034558620547536,2026Q1,3780.0
Fortaleza,Northeast,core,2026-06-01,1 adult + 1 child,1.3,959.7293470979371,1325.6756759185284,0.0,194.69499190271137,501.9026709387552,511.13293105310197,0.0,298.4999074061255,113.36092436826962,3904.9964486854287,3904.9964486854287,1952.4982243427144,92.0,74.13174849198607,0.48096352125558667,1621.0,2.409004595117476,1.204502297558738,8110.92,0.481449262067118,2026Q1,3780.0
Fortaleza,Northeast,core,2026-06-01,1 adult + 2 children,1.6,1181.2053502743838,1631.6008318997272,0.0,239.62460541872167,617.726364232314,629.0866843730485,0.0,367.3845014229237,139.52113768402415,4806.149475305143,4806.149475305143,2403.0747376525715,92.0,74.13174849198607,0.48096352125558667,1621.0,2.964928732452278,1.482464366226139,8110.92,0.5925529379287606,2026Q1,3780.0
Fortaleza,Northeast,core,2026-06-01,2 adults,1.5,1107.380015882235,1529.6257799059942,0.0,224.6480675800516,579.1184664677944,589.768766599733,0.0,344.42297008399095,130.80106657877263,4505.765133098572,4505.765133098572,2252.882566549286,92.0,74.13174849198607,0.48096352125558667,1621.0,2.779620686674011,1.3898103433370055,8110.92,0.5555183793082131,2026Q1,3780.0
Fortaleza,Northeast,core,2026-06-01,2 adults + 1 child,1.8,1328.856019058682,1835.550935887193,0.0,269.5776810960619,694.9421597613533,707.7225199196796,0.0,413.30756410078914,156.96127989452717,5406.918159718286,5406.918159718286,2703.459079859143,92.0,74.13174849198607,0.48096352125558667,1621.0,3.3355448240088132,1.6677724120044066,8110.92,0.6666220551698557,2026Q1,3780.0
Fortaleza,Northeast,core,2026-06-01,2 adults + 2 children,2.1,1550.332022235129,2141.476091868392,0.0,314.5072946120722,810.7658530549122,825.6762732396262,0.0,482.1921581175873,183.1214932102817,6308.071186338,6308.071186338,3154.035593169,92.0,74.13174849198607,0.48096352125558667,1621.0,3.891468961343615,1.9457344806718075,8110.92,0.7777257310314983,2026Q1,3780.0
Fortaleza,Northeast,expanded,2026-06-01,1 adult,1.0,723.4065799211016,999.6337985282045,110.32593627712845,146.85469296065006,417.81383475782667,386.2482120886463,3.178906602807575,225.35885288196647,85.61508052894875,3098.4358945472804,3098.4358945472804,1549.2179472736402,92.0,74.13174849198607,0.48096352125558667,1621.0,1.9114348516639608,0.9557174258319804,8110.92,0.3820079466382704,2026Q1,3780.0
Fortaleza,Northeast,expanded,2026-06-01,1 adult + 1 child,1.3,940.4285538974322,1299.5239380866658,143.423717160267,190.9111008488451,543.1579851851748,502.12267571524023,4.132578583649848,292.9665087465564,111.29960468763339,4027.966662911465,4027.966662911465,2013.9833314557325,92.0,74.13174849198607,0.48096352125558667,1621.0,2.4848653071631492,1.2424326535815746,8110.92,0.49661033062975163,2026Q1,3780.0
Fortaleza,Northeast,expanded,2026-06-01,1 adult + 2 children,1.6,1157.4505278737627,1599.414077645127,176.52149804340553,234.9675087370401,668.5021356125227,617.9971393418341,5.08625056449212,360.57416461114633,136.984128846318,4957.4974312756485,4957.4974312756485,2478.7487156378243,92.0,74.13174849198607,0.48096352125558667,1621.0,3.058295762662337,1.5291478813311685,8110.92,0.6112127146212327,2026Q1,3780.0
Fortaleza,Northeast,expanded,2026-06-01,2 adults,1.5,1085.1098698816525,1499.4506977923068,165.48890441569267,220.2820394409751,626.7207521367401,579.3723181329696,4.768359904211363,338.03827932294973,128.42262079342314,4647.653841820921,4647.653841820921,2323.8269209104606,92.0,74.13174849198607,0.48096352125558667,1621.0,2.8671522774959413,1.4335761387479706,8110.92,0.5730119199574057,2026Q1,3780.0
Fortaleza,Northeast,expanded,2026-06-01,2 adults + 1 child,1.8,1302.1318438579829,1799.340837350768,198.5866852988312,264.3384473291701,752.064902564088,695.2467817595633,5.722031885053635,405.64593518753964,154.10714495210775,5577.184610185105,5577.184610185105,2788.5923050925526,92.0,74.13174849198607,0.48096352125558667,1621.0,3.4405827329951295,1.7202913664975648,8110.92,0.6876143039488868,2026Q1,3780.0
Fortaleza,Northeast,expanded,2026-06-01,2 adults + 2 children,2.1,1519.1538178343135,2099.2309769092294,231.68446618196975,308.39485521736515,877.409052991436,811.1212453861573,6.675703865895908,473.2535910521296,179.79166911079238,6506.715378549289,6506.715378549289,3253.3576892746446,92.0,74.13174849198607,0.48096352125558667,1621.0,4.014013188494318,2.007006594247159,8110.92,0.8022166879403679,2026Q1,3780.0
Recife,Northeast,core,2026-06-01,1 adult,1.0,766.2612898589172,1018.2880992598982,0.0,148.8266142092692,369.28933510443505,449.2430652902189,0.0,211.82025994481845,92.52070817701986,3056.249371844577,3056.249371844577,1528.1246859222886,48.0,43.05700302485712,0.3498947801951567,1621.0,1.8854098530811703,0.9427049265405851,8110.92,0.37680674594800306,2026Q1,4318.0
Recife,Northeast,core,2026-06-01,1 adult + 1 child,1.3,996.1396768165924,1323.7745290378678,0.0,193.47459847204996,480.07613563576564,584.0159848772846,0.0,275.366337928264,120.27692063012582,3973.1241833979507,3973.1241833979507,1986.5620916989753,48.0,43.05700302485712,0.3498947801951567,1621.0,2.451032809005522,1.225516404502761,8110.92,0.48984876973240404,2026Q1,4318.0
Recife,Northeast,core,2026-06-01,1 adult + 2 children,1.6,1226.0180637742676,1629.260958815837,0.0,238.1225827348307,590.8629361670961,718.7889044643503,0.0,338.9124159117095,148.03313308323177,4889.998994951323,4889.998994951323,2444.9994974756614,48.0,43.05700302485712,0.3498947801951567,1621.0,3.0166557649298724,1.5083278824649362,8110.92,0.6028907935168049,2026Q1,4318.0
Recife,Northeast,core,2026-06-01,2 adults,1.5,1149.391934788376,1527.4321488898474,0.0,223.2399213139038,553.9340026566526,673.8645979353284,0.0,317.7303899172277,138.78106226552978,4584.374057766866,4584.374057766866,2292.187028883433,48.0,43.05700302485712,0.3498947801951567,1621.0,2.828114779621756,1.414057389810878,8110.92,0.5652101189220047,2026Q1,4318.0
Recife,Northeast,core,2026-06-01,2 adults + 1 child,1.8,1379.270321746051,1832.9185786678167,0.0,267.88790557668455,664.7208031879832,808.637517522394,0.0,381.2764679006732,166.53727471863573,5501.248869320239,5501.248869320239,2750.6244346601193,48.0,43.05700302485712,0.3498947801951567,1621.0,3.3937377355461065,1.6968688677730532,8110.92,0.6782521427064055,2026Q1,4318.0
Recife,Northeast,core,2026-06-01,2 adults + 2 children,2.1,1609.1487087037262,2138.4050084457863,0.0,312.5358898394653,775.5076037193137,943.4104371094597,0.0,444.82254588411877,194.2934871717417,6418.123680873612,6418.123680873612,3209.061840436806,48.0,43.05700302485712,0.3498947801951567,1621.0,3.959360691470458,1.979680345735229,8110.92,0.7912941664908065,2026Q1,4318.0
Recife,Northeast,expanded,2026-06-01,1 adult,1.0,760.0616028076032,1010.5761707736608,148.72565082859361,147.7524557268232,405.09332824334456,446.7112486892267,4.926312005976132,210.56648438437807,91.99369506310556,3226.406948522712,3226.406948522712,1613.203474261356,48.0,43.05700302485712,0.3498947801951567,1621.0,1.9903805974847082,0.9951902987423541,8110.92,0.3977855716148984,2026Q1,4318.0
Recife,Northeast,expanded,2026-06-01,1 adult + 1 child,1.3,988.0800836498843,1313.7490220057591,193.3433460771717,192.07819244487015,526.621326716348,580.7246232959948,6.404205607768972,273.73642969969154,119.59180358203724,4194.329033079526,4194.329033079526,2097.164516539763,48.0,43.05700302485712,0.3498947801951567,1621.0,2.587494776730121,1.2937473883650605,8110.92,0.517121243099368,2026Q1,4318.0
Recife,Northeast,expanded,2026-06-01,1 adult + 2 children,1.6,1216.0985644921652,1616.9218732378572,237.96104132574976,236.4039291629171,648.1493251893513,714.7379979027627,7.882099209561812,336.9063750150049,147.1899121009689,5162.25111763634,5162.25111763634,2581.12555881817,48.0,43.05700302485712,0.3498947801951567,1621.0,3.1846089559755333,1.5923044779877666,8110.92,0.6364569145838376,2026Q1,4318.0
Recife,Northeast,expanded,2026-06-01,2 adults,1.5,1140.092404211405,1515.8642561604913,223.0884762428904,221.6286835902348,607.6399923650168,670.06687303384,7.389468008964199,315.84972657656715,137.99054259465836,4839.610422784069,4839.610422784069,2419.8052113920344,48.0,43.05700302485712,0.3498947801951567,1621.0,2.985570896227063,1.4927854481135314,8110.92,0.5966783574223478,2026Q1,4318.0
Recife,Northeast,expanded,2026-06-01,2 adults + 1 child,1.8,1368.110885053686,1819.0371073925894,267.70617149146847,265.9544203082817,729.1679908380202,804.080247640608,8.867361610757039,379.01967189188053,165.58865111359003,5807.532507340881,5807.532507340881,2903.7662536704406,48.0,43.05700302485712,0.3498947801951567,1621.0,3.5826850754724746,1.7913425377362373,8110.92,0.7160140289068171,2026Q1,4318.0
Recife,Northeast,expanded,2026-06-01,2 adults + 2 children,2.1,1596.1293658959669,2122.2099586246877,312.3238667400466,310.2801570263287,850.6959893110236,938.0936222473761,10.345255212549878,442.189617207194,193.1867596325217,6775.4545918976955,6775.4545918976955,3387.7272959488478,48.0,43.05700302485712,0.3498947801951567,1621.0,4.179799254717888,2.089899627358944,8110.92,0.8353497003912868,2026Q1,4318.0
Salvador,Northeast,core,2026-06-01,1 adult,1.0,825.4731682234864,1000.3845013878104,0.0,139.3672642437034,419.42379825236867,424.99177926805055,0.0,195.56619856997963,94.8158942205281,3100.022604165927,3100.022604165927,1550.0113020829635,65.0,52.45047125955023,0.39600063903712485,1621.0,1.9124136978198194,0.9562068489099097,8110.92,0.3822035729813544,2026Q1,3568.0
Salvador,Northeast,core,2026-06-01,1 adult + 1 child,1.3,1073.1151186905324,1300.4998518041536,0.0,181.17744351681444,545.2509377280793,552.4893130484658,0.0,254.23605814097354,123.26066248668653,4030.0293854157057,4030.0293854157057,2015.0146927078529,65.0,52.45047125955023,0.39600063903712485,1621.0,2.4861378071657656,1.2430689035828828,8110.92,0.49686464487576076,2026Q1,3568.0
Salvador,Northeast,core,2026-06-01,1 adult + 2 children,1.6,1320.7570691575781,1600.6152022204965,0.0,222.98762278992544,671.0780772037899,679.9868468288809,0.0,312.90591771196745,151.70543075284496,4960.0361666654835,4960.0361666654835,2480.0180833327418,65.0,52.45047125955023,0.39600063903712485,1621.0,3.059861916511711,1.5299309582558556,8110.92,0.6115257167701671,2026Q1,3568.0
Salvador,Northeast,core,2026-06-01,2 adults,1.5,1238.2097523352295,1500.5767520817158,0.0,209.05089636555513,629.135697378553,637.4876689020759,0.0,293.3492978549695,142.22384133079214,4650.033906248891,4650.033906248891,2325.0169531244455,65.0,52.45047125955023,0.39600063903712485,1621.0,2.8686205467297294,1.4343102733648647,8110.92,0.5733053594720317,2026Q1,3568.0
Salvador,Northeast,core,2026-06-01,2 adults + 1 child,1.8,1485.8517028022754,1800.6921024980586,0.0,250.86107563866614,754.9628368542636,764.985202682491,0.0,352.01915742596333,170.66860959695057,5580.040687498669,5580.040687498669,2790.0203437493346,65.0,52.45047125955023,0.39600063903712485,1621.0,3.442344656075675,1.7211723280378375,8110.92,0.687966431366438,2026Q1,3568.0
Salvador,Northeast,core,2026-06-01,2 adults + 2 children,2.1,1733.4936532693214,2100.807452914402,0.0,292.67125491177717,880.7899763299743,892.4827364629062,0.0,410.68901699695726,199.113377863109,6510.0474687484475,6510.0474687484475,3255.0237343742237,65.0,52.45047125955023,0.39600063903712485,1621.0,4.016068765421621,2.0080343827108105,8110.92,0.8026275032608443,2026Q1,3568.0
Salvador,Northeast,expanded,2026-06-01,1 adult,1.0,814.70957259202,988.1807237044347,125.75292331748167,137.69079722030142,457.4670926077771,420.59238483646755,3.3115209445828353,193.525593724696,93.79142533098391,3235.022034278745,3235.022034278745,1617.5110171393726,65.0,52.45047125955023,0.39600063903712485,1621.0,1.99569527099244,0.99784763549622,8110.92,0.3988477305014407,2026Q1,3568.0
Salvador,Northeast,expanded,2026-06-01,1 adult + 1 child,1.3,1059.122444369626,1284.6349408157653,163.4788003127262,178.99803638639185,594.7072203901103,546.7701002874079,4.304977227957687,251.5832718421048,121.92885293027909,4205.528644562369,4205.528644562369,2102.7643222811844,65.0,52.45047125955023,0.39600063903712485,1621.0,2.594403852290172,1.297201926145086,8110.92,0.5185020496518729,2026Q1,3568.0
Salvador,Northeast,expanded,2026-06-01,1 adult + 2 children,1.6,1303.535316147232,1581.0891579270956,201.20467730797068,220.30527555248227,731.9473481724433,672.9478157383481,5.2984335113325365,309.6409499595136,150.06628052957424,5176.035254845992,5176.035254845992,2588.017627422996,65.0,52.45047125955023,0.39600063903712485,1621.0,3.193112433587904,1.596556216793952,8110.92,0.6381563688023051,2026Q1,3568.0
Salvador,Northeast,expanded,2026-06-01,2 adults,1.5,1222.06435888803,1482.2710855566522,188.62938497622252,206.53619583045213,686.2006389116657,630.8885772547014,4.967281416874253,290.28839058704403,140.68713799647588,4852.533051418118,4852.533051418118,2426.266525709059,65.0,52.45047125955023,0.39600063903712485,1621.0,2.99354290648866,1.49677145324433,8110.92,0.598271595752161,2026Q1,3568.0
Salvador,Northeast,expanded,2026-06-01,2 adults + 1 child,1.8,1466.477230665636,1778.7253026679825,226.35526197146703,247.84343499654256,823.4407666939987,757.0662927056416,5.960737700249104,348.34606870445276,168.82456559577102,5823.039661701741,5823.039661701741,2911.5198308508707,65.0,52.45047125955023,0.39600063903712485,1621.0,3.592251487786392,1.796125743893196,8110.92,0.7179259149025932,2026Q1,3568.0
Salvador,Northeast,expanded,2026-06-01,2 adults + 2 children,2.1,1710.890102443242,2075.179519779313,264.08113896671153,289.150674162633,960.6808944763319,883.2440081565819,6.954193983623955,406.4037468218616,196.9619931950662,6793.546271985365,6793.546271985365,3396.7731359926825,65.0,52.45047125955023,0.39600063903712485,1621.0,4.190960069084124,2.095480034542062,8110.92,0.8375802340530254,2026Q1,3568.0
Belo Horizonte,Southeast,core,2026-06-01,1 adult,1.0,835.0233881193792,1068.8252589093504,0.0,147.87377561639968,351.3509171803638,434.6109319232673,0.0,125.46429403689173,128.5870014344432,3091.735567220095,3091.735567220095,1545.8677836100476,84.0,73.84868844966974,0.48000856681874604,1621.0,1.9073013986552099,0.9536506993276049,8110.92,0.38118185942163096,2026Q1,5305.0
Belo Horizonte,Southeast,core,2026-06-01,1 adult + 1 child,1.3,1085.530404555193,1389.4728365821557,0.0,192.2359083013196,456.756192334473,564.9942115002475,0.0,163.10358224795925,167.16310186477617,4019.256237386124,4019.256237386124,2009.628118693062,84.0,73.84868844966974,0.48000856681874604,1621.0,2.479491818251773,1.2397459091258864,8110.92,0.4955364172481203,2026Q1,5305.0
Belo Horizonte,Southeast,core,2026-06-01,1 adult + 2 children,1.6,1336.0374209910067,1710.1204142549607,0.0,236.59804098623948,562.161467488582,695.3774910772277,0.0,200.74287045902676,205.73920229510912,4946.776907552153,4946.776907552153,2473.3884537760764,84.0,73.84868844966974,0.48000856681874604,1621.0,3.051682237848336,1.525841118924168,8110.92,0.6098909750746097,2026Q1,5305.0
Belo Horizonte,Southeast,core,2026-06-01,2 adults,1.5,1252.535082179069,1603.2378883640256,0.0,221.81066342459954,527.0263757705458,651.916397884901,0.0,188.1964410553376,192.8805021516648,4637.603350830143,4637.603350830143,2318.8016754150717,84.0,73.84868844966974,0.48000856681874604,1621.0,2.8609520979828154,1.4304760489914077,8110.92,0.5717727891324466,2026Q1,5305.0
Belo Horizonte,Southeast,core,2026-06-01,2 adults + 1 child,1.8,1503.0420986148824,1923.8854660368306,0.0,266.1727961095194,632.4316509246548,782.2996774618811,0.0,225.8357292664051,231.45660258199774,5565.124020996172,5565.124020996172,2782.562010498086,84.0,73.84868844966974,0.48000856681874604,1621.0,3.4331425175793777,1.7165712587896889,8110.92,0.6861273469589358,2026Q1,5305.0
Belo Horizonte,Southeast,core,2026-06-01,2 adults + 2 children,2.1,1753.5491150506964,2244.533043709636,0.0,310.53492879443934,737.836926078764,912.6829570388613,0.0,263.47501747747265,270.0327030123307,6492.644691162201,6492.644691162201,3246.3223455811003,84.0,73.84868844966974,0.48000856681874604,1621.0,4.005332937175941,2.0026664685879707,8110.92,0.8004819047854251,2026Q1,5305.0
Belo Horizonte,Southeast,expanded,2026-06-01,1 adult,1.0,797.2264467038385,1051.049419211752,128.80426231269524,150.81477058466277,397.00190759011394,430.5676565910449,15.181146838386079,125.49433965288338,126.50971856910046,3222.6496680544774,3222.6496680544774,1611.3248340272387,84.0,73.10325784272288,0.4774768275526773,1621.0,1.9880627193426756,0.9940313596713378,8110.92,0.39732233434116937,2026Q1,5305.0
Belo Horizonte,Southeast,expanded,2026-06-01,1 adult + 1 child,1.3,1036.3943807149901,1366.3642449752776,167.44554100650384,196.05920176006163,516.1024798671482,559.7379535683584,19.735490889901904,163.14264154874843,164.4626341398306,4189.444568470821,4189.444568470821,2094.7222842354104,84.0,73.10325784272288,0.4774768275526773,1621.0,2.5844815351454784,1.2922407675727392,8110.92,0.5165190346435202,2026Q1,5305.0
Belo Horizonte,Southeast,expanded,2026-06-01,1 adult + 2 children,1.6,1275.5623147261417,1681.6790707388031,206.0868197003124,241.30363293546043,635.2030521441823,688.9082505456719,24.289834941417727,200.79094344461342,202.41554971056073,5156.239468887164,5156.239468887164,2578.119734443582,84.0,73.10325784272288,0.4774768275526773,1621.0,3.180900350948281,1.5904501754741405,8110.92,0.635715734945871,2026Q1,5305.0
Belo Horizonte,Southeast,expanded,2026-06-01,2 adults,1.5,1195.8396700557578,1576.574128817628,193.2063934690429,226.22215587699418,595.502861385171,645.8514848865675,22.771720257579123,188.2415094793251,189.76457785365068,4833.974502081716,4833.974502081716,2416.987251040858,84.0,73.10325784272288,0.4774768275526773,1621.0,2.9820940790140136,1.4910470395070068,8110.92,0.595983501511754,2026Q1,5305.0
Belo Horizonte,Southeast,expanded,2026-06-01,2 adults + 1 child,1.8,1435.0076040669094,1891.8889545811535,231.84767216285144,271.466587052393,714.6034336622051,775.0217818638808,27.326064309094942,225.8898113751901,227.71749342438082,5800.769402498059,5800.769402498059,2900.3847012490296,84.0,73.10325784272288,0.4774768275526773,1621.0,3.578512894816816,1.789256447408408,8110.92,0.7151802018141048,2026Q1,5305.0
Belo Horizonte,Southeast,expanded,2026-06-01,2 adults + 2 children,2.1,1674.175538078061,2207.203780344679,270.48895085666004,316.71101822779184,833.7040059392393,904.1920788411944,31.88040836061077,263.5381132710551,265.67040899511096,6767.564302914403,6767.564302914403,3383.7821514572015,84.0,73.10325784272288,0.4774768275526773,1621.0,4.174931710619619,2.0874658553098095,8110.92,0.8343769021164558,2026Q1,5305.0
Grande Vitória,Southeast,core,2026-06-01,1 adult,1.0,585.9320771074223,1137.5328817006812,0.0,109.24629567350325,297.1745671058779,468.07113308068585,0.0,124.87092627495512,123.33125155160505,2846.159132494731,2846.159132494731,1423.0795662473654,192.0,119.93418861908374,0.5998683339125324,1621.0,1.755804523439069,0.8779022617195344,8110.92,0.3509045992926488,2026Q1,5964.0
Grande Vitória,Southeast,core,2026-06-01,1 adult + 1 child,1.3,761.7117002396491,1478.7927462108855,0.0,142.02018437555424,386.3269372376413,608.4924730048917,0.0,162.33220415744168,160.33062701708658,3700.00687224315,3700.00687224315,1850.003436121575,192.0,119.93418861908374,0.5998683339125324,1621.0,2.28254588047079,1.141272940235395,8110.92,0.45617597908044344,2026Q1,5964.0
Grande Vitória,Southeast,core,2026-06-01,1 adult + 2 children,1.6,937.4913233718756,1820.0526107210899,0.0,174.79407307760522,475.47930736940464,748.9138129290974,0.0,199.7934820399282,197.3300024825681,4553.854611991569,4553.854611991569,2276.9273059957845,192.0,119.93418861908374,0.5998683339125324,1621.0,2.8092872375025104,1.4046436187512552,8110.92,0.561447358868238,2026Q1,5964.0
Grande Vitória,Southeast,core,2026-06-01,2 adults,1.5,878.8981156611335,1706.2993225510218,0.0,163.86944351025488,445.76185065881685,702.1066996210288,0.0,187.30638941243268,184.9968773274076,4269.238698742096,4269.238698742096,2134.619349371048,192.0,119.93418861908374,0.5998683339125324,1621.0,2.633706785158603,1.3168533925793016,8110.92,0.5263568989389731,2026Q1,5964.0
Grande Vitória,Southeast,core,2026-06-01,2 adults + 1 child,1.8,1054.67773879336,2047.559187061226,0.0,196.64333221230586,534.9142207905802,842.5280395452346,0.0,224.76766729491922,221.9962527928891,5123.086438490515,5123.086438490515,2561.5432192452577,192.0,119.93418861908374,0.5998683339125324,1621.0,3.160448142190324,1.580224071095162,8110.92,0.6316282787267677,2026Q1,5964.0
Grande Vitória,Southeast,core,2026-06-01,2 adults + 2 children,2.1,1230.4573619255868,2388.8190515714305,0.0,229.41722091435685,624.0665909223436,982.9493794694404,0.0,262.22894517740576,258.99562825837063,5976.934178238935,5976.934178238935,2988.4670891194673,192.0,119.93418861908374,0.5998683339125324,1621.0,3.6871894992220446,1.8435947496110223,8110.92,0.7368996585145624,2026Q1,5964.0
Grande Vitória,Southeast,expanded,2026-06-01,1 adult,1.0,579.4272431256529,1153.5384649763773,88.06085880901988,110.4177794241676,340.0528182147181,476.95900420290553,4.344071342861102,135.6469326919978,125.00167114275703,3013.448843930457,3013.448843930457,1506.7244219652284,192.0,119.55391386944052,0.5991058333622034,1621.0,1.85900607275167,0.929503036375835,8110.92,0.37152984420145396,2026Q1,5964.0
Grande Vitória,Southeast,expanded,2026-06-01,1 adult + 1 child,1.3,753.2554160633489,1499.6000044692905,114.47911645172586,143.5431132514179,442.0686636791336,620.0467054637772,5.647292745719433,176.34101249959713,162.50217248558414,3917.4834971095943,3917.4834971095943,1958.7417485547971,192.0,119.55391386944052,0.5991058333622034,1621.0,2.416707894577171,1.2083539472885856,8110.92,0.48298879746189016,2026Q1,5964.0
Grande Vitória,Southeast,expanded,2026-06-01,1 adult + 2 children,1.6,927.0835890010446,1845.6615439622037,140.8973740944318,176.66844707866818,544.084509143549,763.1344067246489,6.9505141485777635,217.03509230719646,200.00267382841125,4821.518150288732,4821.518150288732,2410.759075144366,192.0,119.55391386944052,0.5991058333622034,1621.0,2.9744097164026724,1.4872048582013362,8110.92,0.5944477507223264,2026Q1,5964.0
Grande Vitória,Southeast,expanded,2026-06-01,2 adults,1.5,869.1408646884795,1730.307697464566,132.09128821352982,165.62666913625142,510.0792273220772,715.4385063043584,6.516107014291654,203.47039903799669,187.50250671413556,4520.173265895686,4520.173265895686,2260.086632947843,192.0,119.55391386944052,0.5991058333622034,1621.0,2.788509109127505,1.3942545545637526,8110.92,0.557294766302181,2026Q1,5964.0
Grande Vitória,Southeast,expanded,2026-06-01,2 adults + 1 child,1.8,1042.9690376261753,2076.369236957479,158.50954585623577,198.7520029635017,612.0950727864926,858.5262075652299,7.8193284171499835,244.16447884559602,225.00300805696264,5424.207919074823,5424.207919074823,2712.1039595374114,192.0,119.55391386944052,0.5991058333622034,1621.0,3.346210930953006,1.673105465476503,8110.92,0.6687537195626172,2026Q1,5964.0
Grande Vitória,Southeast,expanded,2026-06-01,2 adults + 2 children,2.1,1216.7972105638712,2422.4307764503924,184.92780349894176,231.877336790752,714.1109182509081,1001.6139088261017,9.122549820008315,284.85855865319536,262.5035093997898,6328.24257225396,6328.24257225396,3164.12128612698,192.0,119.55391386944052,0.5991058333622034,1621.0,3.903912752778507,1.9519563763892536,8110.92,0.7802126728230534,2026Q1,5964.0
Rio de Janeiro,Southeast,core,2026-06-01,1 adult,1.0,772.710217873218,1346.7842077926941,0.0,122.98956649506854,341.96108452040096,376.28454271702583,0.0,140.20420932025078,124.17971351192081,3225.1135422305792,3225.1135422305792,1612.5567711152896,183.0,126.61936379194591,0.6128146049246599,1621.0,1.9895826910737688,0.9947913455368844,8110.92,0.3976261068079304,2026Q1,5680.0
Rio de Janeiro,Southeast,core,2026-06-01,1 adult + 1 child,1.3,1004.5232832351834,1750.8194701305026,0.0,159.8864364435891,444.5494098765213,489.1699055321336,0.0,182.26547211632604,161.43362756549706,4192.647604899754,4192.647604899754,2096.323802449877,183.0,126.61936379194591,0.6128146049246599,1621.0,2.5864574983959,1.29322874919795,8110.92,0.5169139388503097,2026Q1,5680.0
Rio de Janeiro,Southeast,core,2026-06-01,1 adult + 2 children,1.6,1236.3363485971488,2154.854732468311,0.0,196.78330639210967,547.1377352326415,602.0552683472413,0.0,224.32673491240126,198.6875416190733,5160.181667568927,5160.181667568927,2580.0908337844635,183.0,126.61936379194591,0.6128146049246599,1621.0,3.18333230571803,1.591666152859015,8110.92,0.6362017708926887,2026Q1,5680.0
Rio de Janeiro,Southeast,core,2026-06-01,2 adults,1.5,1159.065326809827,2020.1763116890415,0.0,184.48434974260283,512.9416267806015,564.4268140755388,0.0,210.3063139803762,186.26957026788125,4837.6703133458695,4837.6703133458695,2418.8351566729348,183.0,126.61936379194591,0.6128146049246599,1621.0,2.9843740366106535,1.4921870183053267,8110.92,0.5964391602118958,2026Q1,5680.0
Rio de Janeiro,Southeast,core,2026-06-01,2 adults + 1 child,1.8,1390.8783921717923,2424.2115740268496,0.0,221.38121969112336,615.5299521367217,677.3121768906465,0.0,252.36757677645141,223.52348432145746,5805.204376015043,5805.204376015043,2902.6021880075214,183.0,126.61936379194591,0.6128146049246599,1621.0,3.581248843932784,1.790624421966392,8110.92,0.7157269922542748,2026Q1,5680.0
Rio de Janeiro,Southeast,core,2026-06-01,2 adults + 2 children,2.1,1622.6914575337578,2828.246836364658,0.0,258.27808963964395,718.118277492842,790.1975397057543,0.0,294.42883957252667,260.7773983750337,6772.738438684217,6772.738438684217,3386.3692193421084,183.0,126.61936379194591,0.6128146049246599,1621.0,4.178123651254915,2.0890618256274576,8110.92,0.835014824296654,2026Q1,5680.0
Rio de Janeiro,Southeast,expanded,2026-06-01,1 adult,1.0,758.9990773234141,1349.3502806354338,89.81761961189949,123.50169358522692,382.37270414160224,381.6226597403653,11.054920826252363,138.28138888079178,123.13688805482948,3358.1372327998156,3358.1372327998156,1679.0686163999078,183.0,126.07387199876257,0.6117896984025205,1621.0,2.07164542430587,1.035822712152935,8110.92,0.41402667426134343,2026Q1,5680.0
Rio de Janeiro,Southeast,expanded,2026-06-01,1 adult + 1 child,1.3,986.6988005204385,1754.1553648260642,116.76290549546934,160.552201660795,497.084515384083,496.10945766247494,14.371397074128073,179.76580554502934,160.07795447127836,4365.5784026397605,4365.5784026397605,2182.7892013198802,183.0,126.07387199876257,0.6117896984025205,1621.0,2.6931390515976315,1.3465695257988157,8110.92,0.5382346765397464,2026Q1,5680.0
Rio de Janeiro,Southeast,expanded,2026-06-01,1 adult + 2 children,1.6,1214.3985237174625,2158.960449016694,143.7081913790392,197.60270973636307,611.7963266265637,610.5962555845845,17.68787332200378,221.25022220926684,197.01902088772718,5373.019572479705,5373.019572479705,2686.5097862398525,183.0,126.07387199876257,0.6117896984025205,1621.0,3.3146326788893923,1.6573163394446961,8110.92,0.6624426788181494,2026Q1,5680.0
Rio de Janeiro,Southeast,expanded,2026-06-01,2 adults,1.5,1138.4986159851212,2024.0254209531508,134.72642941784923,185.25254037784038,573.5590562124034,572.433989610548,16.582381239378545,207.4220833211877,184.70533208224424,5037.205849199724,5037.205849199724,2518.602924599862,183.0,126.07387199876257,0.6117896984025205,1621.0,3.107468136458806,1.553734068229403,8110.92,0.6210400113920153,2026Q1,5680.0
Rio de Janeiro,Southeast,expanded,2026-06-01,2 adults + 1 child,1.8,1366.1983391821454,2428.830505143781,161.67171530141908,222.30304845340845,688.2708674548841,686.9207875326575,19.898857487254254,248.9064999854252,221.6463984986931,6044.647019039668,6044.647019039668,3022.323509519834,183.0,126.07387199876257,0.6117896984025205,1621.0,3.728961763750566,1.864480881875283,8110.92,0.7452480136704182,2026Q1,5680.0
Rio de Janeiro,Southeast,expanded,2026-06-01,2 adults + 2 children,2.1,1593.8980623791697,2833.635589334411,188.61700118498894,259.3535565289765,802.9826786973648,801.4075854547672,23.215333735129963,290.39091664966276,258.58746491514194,7052.088188879613,7052.088188879613,3526.0440944398065,183.0,126.07387199876257,0.6117896984025205,1621.0,4.350455391042328,2.175227695521164,8110.92,0.8694560159488212,2026Q1,5680.0
São Paulo,Southeast,core,2026-06-01,1 adult,1.0,792.7488662445363,1313.8297400009756,0.0,134.11212956022146,351.1938188070914,454.92675961100275,0.0,156.31244091693856,115.54625244627915,3318.6700075870453,3318.6700075870453,1659.3350037935227,147.0,121.30079867697218,0.6025847859233973,1621.0,2.04729796890009,1.023648984450045,8110.92,0.4091607373253645,2026Q1,5559.0
São Paulo,Southeast,core,2026-06-01,1 adult + 1 child,1.3,1030.5735261178972,1707.9786620012685,0.0,174.3457684282879,456.5519644492189,591.4047874943036,0.0,203.20617319202015,150.2101281801629,4314.27100986316,4314.27100986316,2157.13550493158,147.0,121.30079867697218,0.6025847859233973,1621.0,2.661487359570117,1.3307436797850585,8110.92,0.5319089585229739,2026Q1,5559.0
São Paulo,Southeast,core,2026-06-01,1 adult + 2 children,1.6,1268.398185991258,2102.127584001561,0.0,214.57940729635433,561.9101100913463,727.8828153776044,0.0,250.09990546710168,184.87400391404663,5309.872012139273,5309.872012139273,2654.9360060696363,147.0,121.30079867697218,0.6025847859233973,1621.0,3.2756767502401436,1.6378383751200718,8110.92,0.6546571797205831,2026Q1,5559.0
São Paulo,Southeast,core,2026-06-01,2 adults,1.5,1189.1232993668045,1970.7446100014636,0.0,201.1681943403322,526.7907282106372,682.3901394165042,0.0,234.46866137540786,173.31937866941874,4978.005011380568,4978.005011380568,2489.002505690284,147.0,121.30079867697218,0.6025847859233973,1621.0,3.0709469533501346,1.5354734766750673,8110.92,0.6137411059880468,2026Q1,5559.0
São Paulo,Southeast,core,2026-06-01,2 adults + 1 child,1.8,1426.9479592401653,2364.8935320017563,0.0,241.4018332083986,632.1488738527645,818.8681672998049,0.0,281.3623936504894,207.98325440330245,5973.606013656682,5973.606013656682,2986.803006828341,147.0,121.30079867697218,0.6025847859233973,1621.0,3.6851363440201617,1.8425681720100808,8110.92,0.7364893271856562,2026Q1,5559.0
São Paulo,Southeast,core,2026-06-01,2 adults + 2 children,2.1,1664.7726191135264,2759.042454002049,0.0,281.6354720764651,737.507019494892,955.3461951831058,0.0,328.256125925571,242.64713013718622,6969.207015932796,6969.207015932796,3484.603507966398,147.0,121.30079867697218,0.6025847859233973,1621.0,4.299325734690188,2.149662867345094,8110.92,0.8592375483832655,2026Q1,5559.0
São Paulo,Southeast,expanded,2026-06-01,1 adult,1.0,771.6335839970749,1290.1651647485264,123.92601219448032,131.57894713671016,410.80119541094837,447.94984777842956,17.338901025044027,152.77708818865256,113.19317922134502,3459.363919701211,3459.363919701211,1729.6819598506056,147.0,121.4719239217593,0.6029223405288588,1621.0,2.1340924859353554,1.0670462429676777,8110.92,0.42650697081233835,2026Q1,5559.0
São Paulo,Southeast,expanded,2026-06-01,1 adult + 1 child,1.3,1003.1236591961974,1677.2147141730845,161.10381585282443,171.05263127772324,534.041554034233,582.3348021119584,22.54057133255724,198.61021464524833,147.15113298774853,4497.173095611575,4497.173095611575,2248.5865478057876,147.0,121.4719239217593,0.6029223405288588,1621.0,2.7743202317159623,1.3871601158579812,8110.92,0.5544590620560399,2026Q1,5559.0
São Paulo,Southeast,expanded,2026-06-01,1 adult + 2 children,1.6,1234.6137343953196,2064.264263597642,198.28161951116851,210.52631541873626,657.2819126575174,716.7197564454873,27.742241640070443,244.44334110184408,181.10908675415203,5534.982271521938,5534.982271521938,2767.491135760969,147.0,121.4719239217593,0.6029223405288588,1621.0,3.414547977496569,1.7072739887482844,8110.92,0.6824111532997413,2026Q1,5559.0
São Paulo,Southeast,expanded,2026-06-01,2 adults,1.5,1157.4503759956124,1935.2477471227899,185.8890182917205,197.36842070506526,616.2017931164226,671.9247716676443,26.008351537566043,229.16563228297886,169.78976883201753,5189.045879551817,5189.045879551817,2594.5229397759085,147.0,121.4719239217593,0.6029223405288588,1621.0,3.2011387289030333,1.6005693644515167,8110.92,0.6397604562185075,2026Q1,5559.0
São Paulo,Southeast,expanded,2026-06-01,2 adults + 1 child,1.8,1388.9404511947348,2322.2972965473477,223.06682195006456,236.8421048460783,739.442151739707,806.3097260011732,31.210021845079247,274.9987587395746,203.74772259842103,6226.855055462181,6226.855055462181,3113.4275277310903,147.0,121.4719239217593,0.6029223405288588,1621.0,3.8413664746836402,1.9206832373418201,8110.92,0.7677125474622091,2026Q1,5559.0
São Paulo,Southeast,expanded,2026-06-01,2 adults + 2 children,2.1,1620.4305263938572,2709.3468459719056,260.2446256084087,276.31578898709137,862.6825103629916,940.6946803347021,36.41169215259246,320.8318851961704,237.70567636482454,7264.664231372544,7264.664231372544,3632.332115686272,147.0,121.4719239217593,0.6029223405288588,1621.0,4.481594220464247,2.2407971102321236,8110.92,0.8956646387059106,2026Q1,5559.0
Curitiba,South,core,2026-06-01,1 adult,1.0,740.7540982148878,1271.5443156147849,0.0,130.47333370250536,436.3749405502669,384.250283550296,0.0,174.1318277119483,131.00042960604026,3268.5292289507297,3268.5292289507297,1634.2646144753649,90.0,72.44947043839824,0.4752359600204293,1621.0,2.0163659648061256,1.0081829824030628,8110.92,0.4029788518381059,2026Q1,6245.0
Curitiba,South,core,2026-06-01,1 adult + 1 child,1.3,962.9803276793542,1653.0076102992205,0.0,169.615333813257,567.287422715347,499.5253686153848,0.0,226.37137602553278,170.30055848785233,4249.087997635948,4249.087997635948,2124.543998817974,90.0,72.44947043839824,0.4752359600204293,1621.0,2.621275754247963,1.3106378771239815,8110.92,0.5238725073895376,2026Q1,6245.0
Curitiba,South,core,2026-06-01,1 adult + 2 children,1.6,1185.2065571438204,2034.4709049836558,0.0,208.75733392400858,698.1999048804271,614.8004536804737,0.0,278.6109243391173,209.6006873696644,5229.646766321167,5229.646766321167,2614.8233831605835,90.0,72.44947043839824,0.4752359600204293,1621.0,3.226185543689801,1.6130927718449004,8110.92,0.6447661629409693,2026Q1,6245.0
Curitiba,South,core,2026-06-01,2 adults,1.5,1111.1311473223318,1907.3164734221775,0.0,195.71000055375805,654.5624108254004,576.3754253254441,0.0,261.19774156792244,196.50064440906038,4902.793843426095,4902.793843426095,2451.3969217130475,90.0,72.44947043839824,0.4752359600204293,1621.0,3.0245489472091887,1.5122744736045943,8110.92,0.6044682777571588,2026Q1,6245.0
Curitiba,South,core,2026-06-01,2 adults + 1 child,1.8,1333.357376786798,2288.7797681066127,0.0,234.85200066450966,785.4748929904804,691.6505103905328,0.0,313.4372898815069,235.80077329087243,5883.352612111313,5883.352612111313,2941.6763060556564,90.0,72.44947043839824,0.4752359600204293,1621.0,3.6294587366510256,1.8147293683255128,8110.92,0.7253619333085904,2026Q1,6245.0
Curitiba,South,core,2026-06-01,2 adults + 2 children,2.1,1555.5836062512644,2670.2430627910485,0.0,273.99400077526127,916.3873751555606,806.9255954556216,0.0,365.6768381950914,275.1009021726845,6863.911380796532,6863.911380796532,3431.955690398266,90.0,72.44947043839824,0.4752359600204293,1621.0,4.234368526092863,2.1171842630464317,8110.92,0.8462555888600223,2026Q1,6245.0
Curitiba,South,expanded,2026-06-01,1 adult,1.0,728.9603426811171,1242.1711253445442,100.28289811287436,127.90857215253988,511.0774320282371,375.95798384268465,17.529866611774107,174.86841054399582,128.51042889116266,3407.2670602089297,3407.2670602089297,1703.6335301044649,90.0,72.44947043839824,0.4752359600204293,1621.0,2.1019537694071126,1.0509768847035563,8110.92,0.4200839189893292,2026Q1,6245.0
Curitiba,South,expanded,2026-06-01,1 adult + 1 child,1.3,947.6484454854524,1614.8224629479075,130.36776754673667,166.28114379830185,664.4006616367083,488.7453789954901,22.78882659530634,227.32893370719458,167.0635575585115,4429.447178271609,4429.447178271609,2214.7235891358046,90.0,72.44947043839824,0.4752359600204293,1621.0,2.7325399002292468,1.3662699501146234,8110.92,0.546109094686128,2026Q1,6245.0
Curitiba,South,expanded,2026-06-01,1 adult + 2 children,1.6,1166.3365482897875,1987.4738005512706,160.45263698059898,204.6537154440638,817.7238912451794,601.5327741482954,28.04778657883857,279.7894568703933,205.61668622586026,5451.627296334287,5451.627296334287,2725.8136481671436,90.0,72.44947043839824,0.4752359600204293,1621.0,3.36312603105138,1.68156301552569,8110.92,0.6721342703829266,2026Q1,6245.0
Curitiba,South,expanded,2026-06-01,2 adults,1.5,1093.4405140216759,1863.2566880168163,150.42434716931155,191.8628582288098,766.6161480423557,563.936975764027,26.29479991766116,262.30261581599376,192.765643336744,5110.900590313395,5110.900590313395,2555.4502951566974,90.0,72.44947043839824,0.4752359600204293,1621.0,3.152930654110669,1.5764653270553346,8110.92,0.6301258784839938,2026Q1,6245.0
Curitiba,South,expanded,2026-06-01,2 adults + 1 child,1.8,1312.128616826011,2235.908025620179,180.50921660317385,230.23542987457176,919.9393776508268,676.7243709168324,31.55375990119339,314.76313897919243,231.3187720040928,6133.080708376074,6133.080708376074,3066.540354188037,90.0,72.44947043839824,0.4752359600204293,1621.0,3.783516784932803,1.8917583924664014,8110.92,0.7561510541807925,2026Q1,6245.0
Curitiba,South,expanded,2026-06-01,2 adults + 2 children,2.1,1530.8167196303461,2608.5593632235427,210.59408603703616,268.60800152033374,1073.262607259298,789.5117660696378,36.812719884725624,367.2236621423912,269.8719006714416,7155.260826438753,7155.260826438753,3577.6304132193764,90.0,72.44947043839824,0.4752359600204293,1621.0,4.4141029157549365,2.2070514578774683,8110.92,0.8821762298775913,2026Q1,6245.0
Porto Alegre,South,core,2026-06-01,1 adult,1.0,753.3180005769268,1231.7033590578224,0.0,105.39094986100352,333.2792201098178,379.64873172625926,0.0,136.16042299283558,124.19705628143149,3063.697740606097,3063.697740606097,1531.8488703030484,79.0,73.65851221791073,0.47936499680181693,1621.0,1.8900047752042548,0.9450023876021274,8110.92,0.3777250596240743,2026Q1,6490.0
Porto Alegre,South,core,2026-06-01,1 adult + 1 child,1.3,979.3134007500049,1601.2143667751693,0.0,137.0082348193046,433.2629861427632,493.54335124413706,0.0,177.00854989068625,161.45617316586095,3982.8070627879265,3982.8070627879265,1991.4035313939632,79.0,73.65851221791073,0.47936499680181693,1621.0,2.4570062077655312,1.2285031038827656,8110.92,0.49104257751129665,2026Q1,6490.0
Porto Alegre,South,core,2026-06-01,1 adult + 2 children,1.6,1205.308800923083,1970.7253744925158,0.0,168.62551977760563,533.2467521757085,607.4379707620149,0.0,217.8566767885369,198.71529005029038,4901.916384969755,4901.916384969755,2450.9581924848776,79.0,73.65851221791073,0.47936499680181693,1621.0,3.0240076403268077,1.5120038201634038,8110.92,0.604360095398519,2026Q1,6490.0
Porto Alegre,South,core,2026-06-01,2 adults,1.5,1129.9770008653904,1847.5550385867336,0.0,158.0864247915053,499.9188301647268,569.4730975893889,0.0,204.24063448925335,186.29558442214724,4595.546610909146,4595.546610909146,2297.773305454573,79.0,73.65851221791073,0.47936499680181693,1621.0,2.835007162806382,1.417503581403191,8110.92,0.5665875894361115,2026Q1,6490.0
Porto Alegre,South,core,2026-06-01,2 adults + 1 child,1.8,1355.9724010384682,2217.0660463040804,0.0,189.70370974980634,599.9025961976721,683.3677171072667,0.0,245.08876138710403,223.55470130657667,5514.655933090975,5514.655933090975,2757.3279665454875,79.0,73.65851221791073,0.47936499680181693,1621.0,3.4020085953676586,1.7010042976838293,8110.92,0.6799051073233339,2026Q1,6490.0
Porto Alegre,South,core,2026-06-01,2 adults + 2 children,2.1,1581.9678012115464,2586.577054021427,0.0,221.3209947081074,699.8863622306175,797.2623366251445,0.0,285.9368882849547,260.81381819100613,6433.765255272804,6433.765255272804,3216.882627636402,79.0,73.65851221791073,0.47936499680181693,1621.0,3.969010027928935,1.9845050139644675,8110.92,0.7932226252105562,2026Q1,6490.0
Porto Alegre,South,expanded,2026-06-01,1 adult,1.0,745.9474947807474,1190.1489848886215,114.75876398032777,103.12765910866365,372.74306470275485,369.0107879494157,27.31155632455518,146.89447397384785,121.8067361656874,3191.749521874621,3191.749521874621,1595.8747609373106,79.0,73.65363675747666,0.47934847694968563,1621.0,1.9690003219460959,0.9845001609730479,8110.92,0.3935126375151797,2026Q1,6490.0
Porto Alegre,South,expanded,2026-06-01,1 adult + 1 child,1.3,969.7317432149717,1547.1936803552082,149.18639317442612,134.06595684126276,484.56598411358135,479.7140243342405,35.50502322192174,190.96281616600223,158.34875701539363,4149.274378437008,4149.274378437008,2074.637189218504,79.0,73.65363675747666,0.47934847694968563,1621.0,2.5597004185299244,1.2798502092649622,8110.92,0.5115664287697336,2026Q1,6490.0
Porto Alegre,South,expanded,2026-06-01,1 adult + 2 children,1.6,1193.515991649196,1904.2383758217945,183.61402236852445,165.00425457386183,596.3889035244077,590.4172607190652,43.69849011928829,235.03115835815657,194.89077786509984,5106.799234999394,5106.799234999394,2553.399617499697,79.0,73.65363675747666,0.47934847694968563,1621.0,3.1504005151137533,1.5752002575568766,8110.92,0.6296202200242875,2026Q1,6490.0
Porto Alegre,South,expanded,2026-06-01,2 adults,1.5,1118.9212421711213,1785.2234773329324,172.13814597049168,154.69148866299548,559.1145970541323,553.5161819241237,40.96733448683277,220.3417109607718,182.7101042485311,4787.624282811932,4787.624282811932,2393.812141405966,79.0,73.65363675747666,0.47934847694968563,1621.0,2.953500482919144,1.476750241459572,8110.92,0.5902689562727695,2026Q1,6490.0
Porto Alegre,South,expanded,2026-06-01,2 adults + 1 child,1.8,1342.7054906053454,2142.2681727995187,206.56577516458998,185.62978639559458,670.9375164649588,664.2194183089483,49.160801384199324,264.41005315292614,219.25212509823731,5745.149139374318,5745.149139374318,2872.574569687159,79.0,73.65363675747666,0.47934847694968563,1621.0,3.5442005795029723,1.7721002897514861,8110.92,0.7083227475273234,2026Q1,6490.0
Porto Alegre,South,expanded,2026-06-01,2 adults + 2 children,2.1,1566.4897390395697,2499.3128682661054,240.99340435868834,216.56808412819368,782.7604358757852,774.9226546937731,57.35426828156588,308.4783953450805,255.79414594794355,6702.673995936705,6702.673995936705,3351.3369979683525,79.0,73.65363675747666,0.47934847694968563,1621.0,4.134900676086802,2.067450338043401,8110.92,0.8263765387818774,2026Q1,6490.0
